date,nonfarm_payrolls_k,unemployment_rate_pct,nonfarm_payrolls_change_k
1948-01-01,44679,3.4,
1948-02-01,44533,3.8,-146.0
1948-03-01,44683,4.0,150.0
1948-04-01,44379,3.9,-304.0
1948-05-01,44796,3.5,417.0
1948-06-01,45034,3.6,238.0
1948-07-01,45160,3.6,126.0
1948-08-01,45178,3.9,18.0
1948-09-01,45294,3.8,116.0
1948-10-01,45245,3.7,-49.0
1948-11-01,45192,3.8,-53.0
1948-12-01,45032,4.0,-160.0
1949-01-01,44668,4.3,-364.0
1949-02-01,44497,4.7,-171.0
1949-03-01,44240,5.0,-257.0
1949-04-01,44236,5.3,-4.0
1949-05-01,43984,6.1,-252.0
1949-06-01,43739,6.2,-245.0
1949-07-01,43531,6.7,-208.0
1949-08-01,43624,6.8,93.0
1949-09-01,43780,6.6,156.0
1949-10-01,42942,7.9,-838.0
1949-11-01,43242,6.4,300.0
1949-12-01,43522,6.6,280.0
1950-01-01,43526,6.5,4.0
1950-02-01,43297,6.4,-229.0
1950-03-01,43954,6.3,657.0
1950-04-01,44382,5.8,428.0
1950-05-01,44718,5.5,336.0
1950-06-01,45083,5.4,365.0
1950-07-01,45454,5.0,371.0
1950-08-01,46192,4.5,738.0
1950-09-01,46438,4.4,246.0
1950-10-01,46706,4.2,268.0
1950-11-01,46776,4.2,70.0
1950-12-01,46861,4.3,85.0
1951-01-01,47288,3.7,427.0
1951-02-01,47577,3.4,289.0
1951-03-01,47873,3.4,296.0
1951-04-01,47861,3.1,-12.0
1951-05-01,47952,3.0,91.0
1951-06-01,48064,3.2,112.0
1951-07-01,48061,3.1,-3.0
1951-08-01,48012,3.1,-49.0
1951-09-01,47954,3.3,-58.0
1951-10-01,48006,3.5,52.0
1951-11-01,48147,3.5,141.0
1951-12-01,48314,3.1,167.0
1952-01-01,48296,3.2,-18.0
1952-02-01,48522,3.1,226.0
1952-03-01,48504,2.9,-18.0
1952-04-01,48620,2.9,116.0
1952-05-01,48642,3.0,22.0
1952-06-01,48282,3.0,-360.0
1952-07-01,48143,3.2,-139.0
1952-08-01,48924,3.4,781.0
1952-09-01,49320,3.1,396.0
1952-10-01,49597,3.0,277.0
1952-11-01,49816,2.8,219.0
1952-12-01,50166,2.7,350.0
1953-01-01,50144,2.9,-22.0
1953-02-01,50339,2.6,195.0
1953-03-01,50473,2.6,134.0
1953-04-01,50435,2.7,-38.0
1953-05-01,50490,2.5,55.0
1953-06-01,50519,2.5,29.0
1953-07-01,50536,2.6,17.0
1953-08-01,50489,2.7,-47.0
1953-09-01,50368,2.9,-121.0
1953-10-01,50240,3.1,-128.0
1953-11-01,49908,3.5,-332.0
1953-12-01,49703,4.5,-205.0
1954-01-01,49469,4.9,-234.0
1954-02-01,49382,5.2,-87.0
1954-03-01,49157,5.7,-225.0
1954-04-01,49179,5.9,22.0
1954-05-01,48965,5.9,-214.0
1954-06-01,48895,5.6,-70.0
1954-07-01,48835,5.8,-60.0
1954-08-01,48826,6.0,-9.0
1954-09-01,48886,6.1,60.0
1954-10-01,48942,5.7,56.0
1954-11-01,49180,5.3,238.0
1954-12-01,49331,5.0,151.0
1955-01-01,49496,4.9,165.0
1955-02-01,49644,4.7,148.0
1955-03-01,49962,4.6,318.0
1955-04-01,50248,4.7,286.0
1955-05-01,50512,4.3,264.0
1955-06-01,50790,4.2,278.0
1955-07-01,50987,4.0,197.0
1955-08-01,51111,4.2,124.0
1955-09-01,51266,4.1,155.0
1955-10-01,51429,4.3,163.0
1955-11-01,51592,4.2,163.0
1955-12-01,51805,4.2,213.0
1956-01-01,51975,4.0,170.0
1956-02-01,52167,3.9,192.0
1956-03-01,52294,4.2,127.0
1956-04-01,52375,4.0,81.0
1956-05-01,52506,4.3,131.0
1956-06-01,52586,4.3,80.0
1956-07-01,51955,4.4,-631.0
1956-08-01,52631,4.1,676.0
1956-09-01,52604,3.9,-27.0
1956-10-01,52777,3.9,173.0
1956-11-01,52821,4.3,44.0
1956-12-01,52929,4.2,108.0
1957-01-01,52887,4.2,-42.0
1957-02-01,53097,3.9,210.0
1957-03-01,53156,3.7,59.0
1957-04-01,53238,3.9,82.0
1957-05-01,53150,4.1,-88.0
1957-06-01,53067,4.3,-83.0
1957-07-01,53123,4.2,56.0
1957-08-01,53128,4.1,5.0
1957-09-01,52934,4.4,-194.0
1957-10-01,52763,4.5,-171.0
1957-11-01,52558,5.1,-205.0
1957-12-01,52384,5.2,-174.0
1958-01-01,52076,5.8,-308.0
1958-02-01,51576,6.4,-500.0
1958-03-01,51299,6.7,-277.0
1958-04-01,51027,7.4,-272.0
1958-05-01,50914,7.4,-113.0
1958-06-01,50914,7.3,0.0
1958-07-01,51039,7.5,125.0
1958-08-01,51233,7.4,194.0
1958-09-01,51506,7.1,273.0
1958-10-01,51485,6.7,-21.0
1958-11-01,51944,6.2,459.0
1958-12-01,52085,6.2,141.0
1959-01-01,52478,6.0,393.0
1959-02-01,52688,5.9,210.0
1959-03-01,53014,5.6,326.0
1959-04-01,53321,5.2,307.0
1959-05-01,53550,5.1,229.0
1959-06-01,53681,5.0,131.0
1959-07-01,53804,5.1,123.0
1959-08-01,53336,5.2,-468.0
1959-09-01,53428,5.5,92.0
1959-10-01,53358,5.7,-70.0
1959-11-01,53634,5.8,276.0
1959-12-01,54174,5.3,540.0
1960-01-01,54274,5.2,100.0
1960-02-01,54513,4.8,239.0
1960-03-01,54454,5.4,-59.0
1960-04-01,54813,5.2,359.0
1960-05-01,54475,5.1,-338.0
1960-06-01,54348,5.4,-127.0
1960-07-01,54306,5.5,-42.0
1960-08-01,54272,5.6,-34.0
1960-09-01,54227,5.5,-45.0
1960-10-01,54142,6.1,-85.0
1960-11-01,53961,6.1,-181.0
1960-12-01,53742,6.6,-219.0
1961-01-01,53683,6.6,-59.0
1961-02-01,53557,6.9,-126.0
1961-03-01,53659,6.9,102.0
1961-04-01,53627,7.0,-32.0
1961-05-01,53786,7.1,159.0
1961-06-01,53977,6.9,191.0
1961-07-01,54123,7.0,146.0
1961-08-01,54298,6.6,175.0
1961-09-01,54388,6.7,90.0
1961-10-01,54522,6.5,134.0
1961-11-01,54742,6.1,220.0
1961-12-01,54872,6.0,130.0
1962-01-01,54891,5.8,19.0
1962-02-01,55188,5.5,297.0
1962-03-01,55275,5.6,87.0
1962-04-01,55602,5.6,327.0
1962-05-01,55628,5.5,26.0
1962-06-01,55644,5.5,16.0
1962-07-01,55746,5.4,102.0
1962-08-01,55838,5.7,92.0
1962-09-01,55978,5.6,140.0
1962-10-01,56041,5.4,63.0
1962-11-01,56056,5.7,15.0
1962-12-01,56028,5.5,-28.0
1963-01-01,56115,5.7,87.0
1963-02-01,56230,5.9,115.0
1963-03-01,56320,5.7,90.0
1963-04-01,56580,5.7,260.0
1963-05-01,56616,5.9,36.0
1963-06-01,56659,5.6,43.0
1963-07-01,56794,5.6,135.0
1963-08-01,56910,5.4,116.0
1963-09-01,57078,5.5,168.0
1963-10-01,57283,5.5,205.0
1963-11-01,57255,5.7,-28.0
1963-12-01,57361,5.5,106.0
1964-01-01,57487,5.6,126.0
1964-02-01,57753,5.4,266.0
1964-03-01,57897,5.4,144.0
1964-04-01,57922,5.3,25.0
1964-05-01,58089,5.1,167.0
1964-06-01,58219,5.2,130.0
1964-07-01,58412,4.9,193.0
1964-08-01,58619,5.0,207.0
1964-09-01,58903,5.1,284.0
1964-10-01,58793,5.1,-110.0
1964-11-01,59218,4.8,425.0
1964-12-01,59421,5.0,203.0
1965-01-01,59582,4.9,161.0
1965-02-01,59800,5.1,218.0
1965-03-01,60003,4.7,203.0
1965-04-01,60259,4.8,256.0
1965-05-01,60491,4.6,232.0
1965-06-01,60690,4.6,199.0
1965-07-01,60965,4.4,275.0
1965-08-01,61228,4.4,263.0
1965-09-01,61490,4.3,262.0
1965-10-01,61719,4.2,229.0
1965-11-01,61996,4.1,277.0
1965-12-01,62322,4.0,326.0
1966-01-01,62529,4.0,207.0
1966-02-01,62796,3.8,267.0
1966-03-01,63192,3.8,396.0
1966-04-01,63437,3.8,245.0
1966-05-01,63712,3.9,275.0
1966-06-01,64111,3.8,399.0
1966-07-01,64301,3.8,190.0
1966-08-01,64507,3.8,206.0
1966-09-01,64643,3.7,136.0
1966-10-01,64854,3.7,211.0
1966-11-01,65019,3.6,165.0
1966-12-01,65199,3.8,180.0
1967-01-01,65407,3.9,208.0
1967-02-01,65429,3.8,22.0
1967-03-01,65530,3.8,101.0
1967-04-01,65466,3.8,-64.0
1967-05-01,65620,3.8,154.0
1967-06-01,65750,3.9,130.0
1967-07-01,65888,3.8,138.0
1967-08-01,66143,3.8,255.0
1967-09-01,66164,3.8,21.0
1967-10-01,66225,4.0,61.0
1967-11-01,66703,3.9,478.0
1967-12-01,66900,3.8,197.0
1968-01-01,66804,3.7,-96.0
1968-02-01,67215,3.8,411.0
1968-03-01,67295,3.7,80.0
1968-04-01,67556,3.5,261.0
1968-05-01,67652,3.5,96.0
1968-06-01,67905,3.7,253.0
1968-07-01,68126,3.7,221.0
1968-08-01,68330,3.5,204.0
1968-09-01,68484,3.4,154.0
1968-10-01,68721,3.4,237.0
1968-11-01,68984,3.4,263.0
1968-12-01,69248,3.4,264.0
1969-01-01,69439,3.4,191.0
1969-02-01,69699,3.4,260.0
1969-03-01,69905,3.4,206.0
1969-04-01,70072,3.4,167.0
1969-05-01,70328,3.4,256.0
1969-06-01,70636,3.5,308.0
1969-07-01,70729,3.5,93.0
1969-08-01,71008,3.5,279.0
1969-09-01,70914,3.7,-94.0
1969-10-01,71121,3.7,207.0
1969-11-01,71086,3.5,-35.0
1969-12-01,71241,3.5,155.0
1970-01-01,71176,3.9,-65.0
1970-02-01,71305,4.2,129.0
1970-03-01,71451,4.4,146.0
1970-04-01,71348,4.6,-103.0
1970-05-01,71124,4.8,-224.0
1970-06-01,71029,4.9,-95.0
1970-07-01,71053,5.0,24.0
1970-08-01,70937,5.1,-116.0
1970-09-01,70944,5.4,7.0
1970-10-01,70521,5.5,-423.0
1970-11-01,70409,5.9,-112.0
1970-12-01,70792,6.1,383.0
1971-01-01,70865,5.9,73.0
1971-02-01,70807,5.9,-58.0
1971-03-01,70860,6.0,53.0
1971-04-01,71036,5.9,176.0
1971-05-01,71247,5.9,211.0
1971-06-01,71254,5.9,7.0
1971-07-01,71315,6.0,61.0
1971-08-01,71373,6.1,58.0
1971-09-01,71614,6.0,241.0
1971-10-01,71642,5.8,28.0
1971-11-01,71847,6.0,205.0
1971-12-01,72109,6.0,262.0
1972-01-01,72441,5.8,332.0
1972-02-01,72648,5.7,207.0
1972-03-01,72944,5.8,296.0
1972-04-01,73162,5.7,218.0
1972-05-01,73469,5.7,307.0
1972-06-01,73758,5.7,289.0
1972-07-01,73709,5.6,-49.0
1972-08-01,74141,5.6,432.0
1972-09-01,74264,5.5,123.0
1972-10-01,74674,5.6,410.0
1972-11-01,74973,5.3,299.0
1972-12-01,75268,5.2,295.0
1973-01-01,75617,4.9,349.0
1973-02-01,76014,5.0,397.0
1973-03-01,76284,4.9,270.0
1973-04-01,76455,5.0,171.0
1973-05-01,76648,4.9,193.0
1973-06-01,76887,4.9,239.0
1973-07-01,76913,4.8,26.0
1973-08-01,77168,4.8,255.0
1973-09-01,77276,4.8,108.0
1973-10-01,77607,4.6,331.0
1973-11-01,77920,4.8,313.0
1973-12-01,78031,4.9,111.0
1974-01-01,78100,5.1,69.0
1974-02-01,78254,5.2,154.0
1974-03-01,78296,5.1,42.0
1974-04-01,78382,5.1,86.0
1974-05-01,78549,5.1,167.0
1974-06-01,78604,5.4,55.0
1974-07-01,78636,5.5,32.0
1974-08-01,78619,5.5,-17.0
1974-09-01,78610,5.9,-9.0
1974-10-01,78630,6.0,20.0
1974-11-01,78265,6.6,-365.0
1974-12-01,77652,7.2,-613.0
1975-01-01,77293,8.1,-359.0
1975-02-01,76918,8.1,-375.0
1975-03-01,76648,8.6,-270.0
1975-04-01,76460,8.8,-188.0
1975-05-01,76624,9.0,164.0
1975-06-01,76521,8.8,-103.0
1975-07-01,76770,8.6,249.0
1975-08-01,77153,8.4,383.0
1975-09-01,77228,8.4,75.0
1975-10-01,77540,8.4,312.0
1975-11-01,77685,8.3,145.0
1975-12-01,78017,8.2,332.0
1976-01-01,78503,7.9,486.0
1976-02-01,78816,7.7,313.0
1976-03-01,79048,7.6,232.0
1976-04-01,79292,7.7,244.0
1976-05-01,79312,7.4,20.0
1976-06-01,79376,7.6,64.0
1976-07-01,79547,7.8,171.0
1976-08-01,79704,7.8,157.0
1976-09-01,79892,7.6,188.0
1976-10-01,79911,7.7,19.0
1976-11-01,80240,7.8,329.0
1976-12-01,80448,7.8,208.0
1977-01-01,80690,7.5,242.0
1977-02-01,80988,7.6,298.0
1977-03-01,81391,7.4,403.0
1977-04-01,81728,7.2,337.0
1977-05-01,82088,7.0,360.0
1977-06-01,82488,7.2,400.0
1977-07-01,82834,6.9,346.0
1977-08-01,83075,7.0,241.0
1977-09-01,83532,6.8,457.0
1977-10-01,83800,6.8,268.0
1977-11-01,84173,6.8,373.0
1977-12-01,84410,6.4,237.0
1978-01-01,84594,6.4,184.0
1978-02-01,84948,6.3,354.0
1978-03-01,85460,6.3,512.0
1978-04-01,86162,6.1,702.0
1978-05-01,86509,6.0,347.0
1978-06-01,86950,5.9,441.0
1978-07-01,87204,6.2,254.0
1978-08-01,87483,5.9,279.0
1978-09-01,87621,6.0,138.0
1978-10-01,87956,5.8,335.0
1978-11-01,88391,5.9,435.0
1978-12-01,88671,6.0,280.0
1979-01-01,88808,5.9,137.0
1979-02-01,89055,5.9,247.0
1979-03-01,89479,5.8,424.0
1979-04-01,89417,5.8,-62.0
1979-05-01,89789,5.6,372.0
1979-06-01,90108,5.7,319.0
1979-07-01,90217,5.7,109.0
1979-08-01,90300,6.0,83.0
1979-09-01,90327,5.9,27.0
1979-10-01,90481,6.0,154.0
1979-11-01,90573,5.9,92.0
1979-12-01,90672,6.0,99.0
1980-01-01,90800,6.3,128.0
1980-02-01,90883,6.3,83.0
1980-03-01,90994,6.3,111.0
1980-04-01,90849,6.9,-145.0
1980-05-01,90420,7.5,-429.0
1980-06-01,90101,7.6,-319.0
1980-07-01,89840,7.8,-261.0
1980-08-01,90099,7.7,259.0
1980-09-01,90213,7.5,114.0
1980-10-01,90490,7.5,277.0
1980-11-01,90747,7.5,257.0
1980-12-01,90943,7.2,196.0
1981-01-01,91033,7.5,90.0
1981-02-01,91105,7.4,72.0
1981-03-01,91210,7.4,105.0
1981-04-01,91283,7.2,73.0
1981-05-01,91296,7.5,13.0
1981-06-01,91490,7.5,194.0
1981-07-01,91601,7.2,111.0
1981-08-01,91565,7.4,-36.0
1981-09-01,91477,7.6,-88.0
1981-10-01,91380,7.9,-97.0
1981-11-01,91171,8.3,-209.0
1981-12-01,90895,8.5,-276.0
1982-01-01,90565,8.6,-330.0
1982-02-01,90563,8.9,-2.0
1982-03-01,90434,9.0,-129.0
1982-04-01,90150,9.3,-284.0
1982-05-01,90107,9.4,-43.0
1982-06-01,89865,9.6,-242.0
1982-07-01,89521,9.8,-344.0
1982-08-01,89363,9.8,-158.0
1982-09-01,89183,10.1,-180.0
1982-10-01,88907,10.4,-276.0
1982-11-01,88786,10.8,-121.0
1982-12-01,88771,10.8,-15.0
1983-01-01,88990,10.4,219.0
1983-02-01,88917,10.4,-73.0
1983-03-01,89090,10.3,173.0
1983-04-01,89364,10.2,274.0
1983-05-01,89644,10.1,280.0
1983-06-01,90021,10.1,377.0
1983-07-01,90437,9.4,416.0
1983-08-01,90129,9.5,-308.0
1983-09-01,91247,9.2,1118.0
1983-10-01,91520,8.8,273.0
1983-11-01,91875,8.5,355.0
1983-12-01,92230,8.3,355.0
1984-01-01,92673,8.0,443.0
1984-02-01,93157,7.8,484.0
1984-03-01,93429,7.8,272.0
1984-04-01,93792,7.7,363.0
1984-05-01,94098,7.4,306.0
1984-06-01,94479,7.2,381.0
1984-07-01,94789,7.5,310.0
1984-08-01,95032,7.5,243.0
1984-09-01,95344,7.3,312.0
1984-10-01,95629,7.4,285.0
1984-11-01,95982,7.2,353.0
1984-12-01,96107,7.3,125.0
1985-01-01,96372,7.3,265.0
1985-02-01,96503,7.2,131.0
1985-03-01,96842,7.2,339.0
1985-04-01,97038,7.3,196.0
1985-05-01,97312,7.2,274.0
1985-06-01,97459,7.4,147.0
1985-07-01,97648,7.4,189.0
1985-08-01,97840,7.1,192.0
1985-09-01,98045,7.1,205.0
1985-10-01,98233,7.1,188.0
1985-11-01,98443,7.0,210.0
1985-12-01,98609,7.0,166.0
1986-01-01,98732,6.7,123.0
1986-02-01,98847,7.2,115.0
1986-03-01,98934,7.2,87.0
1986-04-01,99121,7.1,187.0
1986-05-01,99248,7.2,127.0
1986-06-01,99155,7.2,-93.0
1986-07-01,99473,7.0,318.0
1986-08-01,99588,6.9,115.0
1986-09-01,99934,7.0,346.0
1986-10-01,100121,7.0,187.0
1986-11-01,100308,6.9,187.0
1986-12-01,100509,6.6,201.0
1987-01-01,100678,6.6,169.0
1987-02-01,100919,6.6,241.0
1987-03-01,101164,6.6,245.0
1987-04-01,101499,6.3,335.0
1987-05-01,101728,6.3,229.0
1987-06-01,101900,6.2,172.0
1987-07-01,102247,6.1,347.0
1987-08-01,102420,6.0,173.0
1987-09-01,102647,5.9,227.0
1987-10-01,103138,6.0,491.0
1987-11-01,103372,5.8,234.0
1987-12-01,103661,5.7,289.0
1988-01-01,103753,5.7,92.0
1988-02-01,104214,5.7,461.0
1988-03-01,104489,5.7,275.0
1988-04-01,104732,5.4,243.0
1988-05-01,104962,5.6,230.0
1988-06-01,105326,5.4,364.0
1988-07-01,105550,5.4,224.0
1988-08-01,105674,5.6,124.0
1988-09-01,106013,5.4,339.0
1988-10-01,106276,5.4,263.0
1988-11-01,106617,5.3,341.0
1988-12-01,106898,5.3,281.0
1989-01-01,107161,5.4,263.0
1989-02-01,107427,5.2,266.0
1989-03-01,107621,5.0,194.0
1989-04-01,107791,5.2,170.0
1989-05-01,107913,5.2,122.0
1989-06-01,108027,5.3,114.0
1989-07-01,108069,5.2,42.0
1989-08-01,108120,5.2,51.0
1989-09-01,108369,5.3,249.0
1989-10-01,108476,5.3,107.0
1989-11-01,108752,5.4,276.0
1989-12-01,108836,5.4,84.0
1990-01-01,109196,5.4,360.0
1990-02-01,109436,5.3,240.0
1990-03-01,109640,5.2,204.0
1990-04-01,109674,5.4,34.0
1990-05-01,109828,5.4,154.0
1990-06-01,109850,5.2,22.0
1990-07-01,109815,5.5,-35.0
1990-08-01,109607,5.7,-208.0
1990-09-01,109522,5.9,-85.0
1990-10-01,109377,5.9,-145.0
1990-11-01,109222,6.2,-155.0
1990-12-01,109168,6.3,-54.0
1991-01-01,109058,6.4,-110.0
1991-02-01,108735,6.6,-323.0
1991-03-01,108568,6.8,-167.0
1991-04-01,108350,6.7,-218.0
1991-05-01,108253,6.9,-97.0
1991-06-01,108330,6.9,77.0
1991-07-01,108290,6.8,-40.0
1991-08-01,108300,6.9,10.0
1991-09-01,108335,6.9,35.0
1991-10-01,108361,7.0,26.0
1991-11-01,108300,7.0,-61.0
1991-12-01,108330,7.3,30.0
1992-01-01,108365,7.3,35.0
1992-02-01,108312,7.4,-53.0
1992-03-01,108367,7.4,55.0
1992-04-01,108516,7.4,149.0
1992-05-01,108646,7.6,130.0
1992-06-01,108706,7.8,60.0
1992-07-01,108793,7.7,87.0
1992-08-01,108916,7.6,123.0
1992-09-01,108951,7.6,35.0
1992-10-01,109139,7.3,188.0
1992-11-01,109283,7.4,144.0
1992-12-01,109502,7.4,219.0
1993-01-01,109790,7.3,288.0
1993-02-01,110047,7.1,257.0
1993-03-01,110004,7.0,-43.0
1993-04-01,110300,7.1,296.0
1993-05-01,110571,7.1,271.0
1993-06-01,110742,7.0,171.0
1993-07-01,111054,6.9,312.0
1993-08-01,111200,6.8,146.0
1993-09-01,111448,6.7,248.0
1993-10-01,111734,6.8,286.0
1993-11-01,111987,6.6,253.0
1993-12-01,112325,6.5,338.0
1994-01-01,112601,6.6,276.0
1994-02-01,112782,6.6,181.0
1994-03-01,113245,6.5,463.0
1994-04-01,113589,6.4,344.0
1994-05-01,113922,6.1,333.0
1994-06-01,114239,6.1,317.0
1994-07-01,114608,6.1,369.0
1994-08-01,114902,6.0,294.0
1994-09-01,115246,5.9,344.0
1994-10-01,115457,5.8,211.0
1994-11-01,115867,5.6,410.0
1994-12-01,116174,5.5,307.0
1995-01-01,116505,5.6,331.0
1995-02-01,116694,5.4,189.0
1995-03-01,116908,5.4,214.0
1995-04-01,117066,5.8,158.0
1995-05-01,117046,5.6,-20.0
1995-06-01,117291,5.6,245.0
1995-07-01,117382,5.7,91.0
1995-08-01,117646,5.7,264.0
1995-09-01,117873,5.6,227.0
1995-10-01,118026,5.5,153.0
1995-11-01,118165,5.6,139.0
1995-12-01,118325,5.6,160.0
1996-01-01,118317,5.6,-8.0
1996-02-01,118738,5.5,421.0
1996-03-01,118992,5.5,254.0
1996-04-01,119158,5.6,166.0
1996-05-01,119497,5.6,339.0
1996-06-01,119770,5.3,273.0
1996-07-01,120019,5.5,249.0
1996-08-01,120198,5.1,179.0
1996-09-01,120400,5.2,202.0
1996-10-01,120665,5.2,265.0
1996-11-01,120947,5.4,282.0
1996-12-01,121143,5.4,196.0
1997-01-01,121356,5.3,213.0
1997-02-01,121673,5.2,317.0
1997-03-01,121991,5.2,318.0
1997-04-01,122289,5.1,298.0
1997-05-01,122560,4.9,271.0
1997-06-01,122816,5.0,256.0
1997-07-01,123114,4.9,298.0
1997-08-01,123087,4.8,-27.0
1997-09-01,123575,4.9,488.0
1997-10-01,123924,4.7,349.0
1997-11-01,124225,4.6,301.0
1997-12-01,124549,4.7,324.0
1998-01-01,124806,4.6,257.0
1998-02-01,125017,4.6,211.0
1998-03-01,125165,4.7,148.0
1998-04-01,125445,4.3,280.0
1998-05-01,125845,4.4,400.0
1998-06-01,126076,4.5,231.0
1998-07-01,126212,4.5,136.0
1998-08-01,126546,4.5,334.0
1998-09-01,126744,4.6,198.0
1998-10-01,126949,4.5,205.0
1998-11-01,127222,4.4,273.0
1998-12-01,127595,4.4,373.0
1999-01-01,127699,4.3,104.0
1999-02-01,128117,4.4,418.0
1999-03-01,128234,4.2,117.0
1999-04-01,128595,4.3,361.0
1999-05-01,128813,4.2,218.0
1999-06-01,129084,4.3,271.0
1999-07-01,129422,4.3,338.0
1999-08-01,129572,4.2,150.0
1999-09-01,129771,4.2,199.0
1999-10-01,130178,4.1,407.0
1999-11-01,130466,4.1,288.0
1999-12-01,130783,4.0,317.0
2000-01-01,131011,4.0,228.0
2000-02-01,131120,4.1,109.0
2000-03-01,131604,4.0,484.0
2000-04-01,131884,3.8,280.0
2000-05-01,132105,4.0,221.0
2000-06-01,132063,4.0,-42.0
2000-07-01,132228,4.0,165.0
2000-08-01,132234,4.1,6.0
2000-09-01,132337,3.9,103.0
2000-10-01,132352,3.9,15.0
2000-11-01,132556,3.9,204.0
2000-12-01,132716,3.9,160.0
2001-01-01,132703,4.2,-13.0
2001-02-01,132788,4.2,85.0
2001-03-01,132751,4.3,-37.0
2001-04-01,132458,4.4,-293.0
2001-05-01,132408,4.3,-50.0
2001-06-01,132300,4.5,-108.0
2001-07-01,132172,4.6,-128.0
2001-08-01,132021,4.9,-151.0
2001-09-01,131763,5.0,-258.0
2001-10-01,131452,5.3,-311.0
2001-11-01,131144,5.5,-308.0
2001-12-01,130983,5.7,-161.0
2002-01-01,130859,5.7,-124.0
2002-02-01,130737,5.7,-122.0
2002-03-01,130722,5.7,-15.0
2002-04-01,130616,5.9,-106.0
2002-05-01,130632,5.8,16.0
2002-06-01,130674,5.8,42.0
2002-07-01,130584,5.8,-90.0
2002-08-01,130581,5.7,-3.0
2002-09-01,130502,5.7,-79.0
2002-10-01,130617,5.7,115.0
2002-11-01,130616,5.9,-1.0
2002-12-01,130465,6.0,-151.0
2003-01-01,130573,5.8,108.0
2003-02-01,130441,5.9,-132.0
2003-03-01,130235,5.9,-206.0
2003-04-01,130173,6.0,-62.0
2003-05-01,130197,6.1,24.0
2003-06-01,130186,6.3,-11.0
2003-07-01,130184,6.2,-2.0
2003-08-01,130153,6.1,-31.0
2003-09-01,130252,6.1,99.0
2003-10-01,130439,6.0,187.0
2003-11-01,130480,5.8,41.0
2003-12-01,130589,5.7,109.0
2004-01-01,130756,5.7,167.0
2004-02-01,130821,5.6,65.0
2004-03-01,131140,5.8,319.0
2004-04-01,131412,5.6,272.0
2004-05-01,131697,5.6,285.0
2004-06-01,131794,5.6,97.0
2004-07-01,131854,5.5,60.0
2004-08-01,131939,5.4,85.0
2004-09-01,132089,5.4,150.0
2004-10-01,132429,5.5,340.0
2004-11-01,132503,5.4,74.0
2004-12-01,132630,5.4,127.0
2005-01-01,132781,5.3,151.0
2005-02-01,133034,5.4,253.0
2005-03-01,133154,5.2,120.0
2005-04-01,133520,5.2,366.0
2005-05-01,133689,5.1,169.0
2005-06-01,133948,5.0,259.0
2005-07-01,134300,5.0,352.0
2005-08-01,134502,4.9,202.0
2005-09-01,134552,5.0,50.0
2005-10-01,134641,5.0,89.0
2005-11-01,134997,5.0,356.0
2005-12-01,135159,4.9,162.0
2006-01-01,135427,4.7,268.0
2006-02-01,135733,4.8,306.0
2006-03-01,136038,4.7,305.0
2006-04-01,136210,4.7,172.0
2006-05-01,136249,4.6,39.0
2006-06-01,136337,4.6,88.0
2006-07-01,136529,4.7,192.0
2006-08-01,136692,4.7,163.0
2006-09-01,136826,4.5,134.0
2006-10-01,136843,4.4,17.0
2006-11-01,137060,4.5,217.0
2006-12-01,137249,4.4,189.0
2007-01-01,137472,4.6,223.0
2007-02-01,137560,4.5,88.0
2007-03-01,137784,4.4,224.0
2007-04-01,137847,4.5,63.0
2007-05-01,137992,4.4,145.0
2007-06-01,138070,4.6,78.0
2007-07-01,138044,4.7,-26.0
2007-08-01,138013,4.6,-31.0
2007-09-01,138099,4.7,86.0
2007-10-01,138175,4.7,76.0
2007-11-01,138290,4.7,115.0
2007-12-01,138395,5.0,105.0
2008-01-01,138391,5.0,-4.0
2008-02-01,138329,4.9,-62.0
2008-03-01,138259,5.1,-70.0
2008-04-01,138040,5.0,-219.0
2008-05-01,137851,5.4,-189.0
2008-06-01,137700,5.6,-151.0
2008-07-01,137497,5.8,-203.0
2008-08-01,137211,6.1,-286.0
2008-09-01,136760,6.1,-451.0
2008-10-01,136291,6.5,-469.0
2008-11-01,135541,6.8,-750.0
2008-12-01,134847,7.3,-694.0
2009-01-01,134079,7.8,-768.0
2009-02-01,133318,8.3,-761.0
2009-03-01,132494,8.7,-824.0
2009-04-01,131822,9.0,-672.0
2009-05-01,131466,9.4,-356.0
2009-06-01,131008,9.5,-458.0
2009-07-01,130662,9.5,-346.0
2009-08-01,130472,9.6,-190.0
2009-09-01,130246,9.8,-226.0
2009-10-01,130061,10.0,-185.0
2009-11-01,130057,9.9,-4.0
2009-12-01,129808,9.9,-249.0
2010-01-01,129802,9.8,-6.0
2010-02-01,129706,9.8,-96.0
2010-03-01,129866,9.9,160.0
2010-04-01,130120,9.9,254.0
2010-05-01,130642,9.6,522.0
2010-06-01,130510,9.4,-132.0
2010-07-01,130415,9.4,-95.0
2010-08-01,130415,9.5,0.0
2010-09-01,130341,9.5,-74.0
2010-10-01,130620,9.4,279.0
2010-11-01,130749,9.8,129.0
2010-12-01,130830,9.3,81.0
2011-01-01,130837,9.1,7.0
2011-02-01,131057,9.0,220.0
2011-03-01,131283,9.0,226.0
2011-04-01,131597,9.1,314.0
2011-05-01,131703,9.0,106.0
2011-06-01,131931,9.1,228.0
2011-07-01,131992,9.0,61.0
2011-08-01,132125,9.0,133.0
2011-09-01,132344,9.0,219.0
2011-10-01,132553,8.8,209.0
2011-11-01,132690,8.6,137.0
2011-12-01,132888,8.5,198.0
2012-01-01,133246,8.3,358.0
2012-02-01,133509,8.3,263.0
2012-03-01,133748,8.2,239.0
2012-04-01,133825,8.2,77.0
2012-05-01,133932,8.2,107.0
2012-06-01,134013,8.2,81.0
2012-07-01,134157,8.2,144.0
2012-08-01,134339,8.1,182.0
2012-09-01,134517,7.8,178.0
2012-10-01,134669,7.8,152.0
2012-11-01,134825,7.7,156.0
2012-12-01,135074,7.9,249.0
2013-01-01,135257,8.0,183.0
2013-02-01,135546,7.7,289.0
2013-03-01,135689,7.5,143.0
2013-04-01,135873,7.6,184.0
2013-05-01,136096,7.5,223.0
2013-06-01,136279,7.5,183.0
2013-07-01,136391,7.3,112.0
2013-08-01,136646,7.2,255.0
2013-09-01,136821,7.2,175.0
2013-10-01,137041,7.2,220.0
2013-11-01,137317,6.9,276.0
2013-12-01,137372,6.7,55.0
2014-01-01,137561,6.6,189.0
2014-02-01,137712,6.7,151.0
2014-03-01,137985,6.7,273.0
2014-04-01,138298,6.2,313.0
2014-05-01,138513,6.3,215.0
2014-06-01,138849,6.1,336.0
2014-07-01,139072,6.2,223.0
2014-08-01,139269,6.1,197.0
2014-09-01,139563,5.9,294.0
2014-10-01,139798,5.7,235.0
2014-11-01,140089,5.8,291.0
2014-12-01,140364,5.6,275.0
2015-01-01,140568,5.7,204.0
2015-02-01,140827,5.5,259.0
2015-03-01,140923,5.4,96.0
2015-04-01,141196,5.4,273.0
2015-05-01,141538,5.6,342.0
2015-06-01,141709,5.3,171.0
2015-07-01,141991,5.2,282.0
2015-08-01,142125,5.1,134.0
2015-09-01,142275,5.0,150.0
2015-10-01,142579,5.0,304.0
2015-11-01,142808,5.1,229.0
2015-12-01,143077,5.0,269.0
2016-01-01,143210,4.8,133.0
2016-02-01,143406,4.9,196.0
2016-03-01,143662,5.0,256.0
2016-04-01,143854,5.1,192.0
2016-05-01,143900,4.8,46.0
2016-06-01,144147,4.9,247.0
2016-07-01,144520,4.8,373.0
2016-08-01,144661,4.9,141.0
2016-09-01,144967,5.0,306.0
2016-10-01,145065,4.9,98.0
2016-11-01,145183,4.7,118.0
2016-12-01,145408,4.7,225.0
2017-01-01,145628,4.7,220.0
2017-02-01,145846,4.6,218.0
2017-03-01,145970,4.4,124.0
2017-04-01,146175,4.4,205.0
2017-05-01,146380,4.4,205.0
2017-06-01,146583,4.3,203.0
2017-07-01,146772,4.3,189.0
2017-08-01,146919,4.4,147.0
2017-09-01,147008,4.3,89.0
2017-10-01,147149,4.2,141.0
2017-11-01,147372,4.2,223.0
2017-12-01,147523,4.1,151.0
2018-01-01,147660,4.0,137.0
2018-02-01,148054,4.1,394.0
2018-03-01,148280,4.0,226.0
2018-04-01,148420,4.0,140.0
2018-05-01,148742,3.8,322.0
2018-06-01,148960,4.0,218.0
2018-07-01,149020,3.8,60.0
2018-08-01,149277,3.8,257.0
2018-09-01,149358,3.7,81.0
2018-10-01,149527,3.8,169.0
2018-11-01,149617,3.8,90.0
2018-12-01,149809,3.9,192.0
2019-01-01,150060,4.0,251.0
2019-02-01,150067,3.8,7.0
2019-03-01,150295,3.8,228.0
2019-04-01,150591,3.7,296.0
2019-05-01,150618,3.6,27.0
2019-06-01,150838,3.6,220.0
2019-07-01,150937,3.7,99.0
2019-08-01,151169,3.6,232.0
2019-09-01,151365,3.5,196.0
2019-10-01,151460,3.6,95.0
2019-11-01,151667,3.6,207.0
2019-12-01,151794,3.6,127.0
2020-01-01,152031,3.6,237.0
2020-02-01,152293,3.5,262.0
2020-03-01,150895,4.4,-1398.0
2020-04-01,130426,14.8,-20469.0
2020-05-01,133040,13.2,2614.0
2020-06-01,137671,11.0,4631.0
2020-07-01,139255,10.2,1584.0
2020-08-01,140821,8.4,1566.0
2020-09-01,141770,7.8,949.0
2020-10-01,142460,6.9,690.0
2020-11-01,142733,6.7,273.0
2020-12-01,142548,6.7,-185.0
2021-01-01,142863,6.4,315.0
2021-02-01,143380,6.2,517.0
2021-03-01,144232,6.1,852.0
2021-04-01,144587,6.1,355.0
2021-05-01,145065,5.8,478.0
2021-06-01,145820,5.9,755.0
2021-07-01,146762,5.4,942.0
2021-08-01,147314,5.1,552.0
2021-09-01,147771,4.7,457.0
2021-10-01,148572,4.5,801.0
2021-11-01,149230,4.1,658.0
2021-12-01,149816,3.9,586.0
2022-01-01,150006,4.0,190.0
2022-02-01,150825,3.9,819.0
2022-03-01,151315,3.7,490.0
2022-04-01,151623,3.7,308.0
2022-05-01,151924,3.6,301.0
2022-06-01,152358,3.6,434.0
2022-07-01,153072,3.5,714.0
2022-08-01,153362,3.6,290.0
2022-09-01,153582,3.5,220.0
2022-10-01,153939,3.6,357.0
2022-11-01,154242,3.6,303.0
2022-12-01,154342,3.5,100.0
2023-01-01,154776,3.5,434.0
2023-02-01,155066,3.6,290.0
2023-03-01,155134,3.5,68.0
2023-04-01,155375,3.4,241.0
2023-05-01,155655,3.6,280.0
2023-06-01,155880,3.6,225.0
2023-07-01,156043,3.5,163.0
2023-08-01,156261,3.7,218.0
2023-09-01,156417,3.7,156.0
2023-10-01,156576,3.9,159.0
2023-11-01,156703,3.7,127.0
2023-12-01,156857,3.8,154.0
2024-01-01,157032,3.7,175.0
2024-02-01,157238,3.9,206.0
2024-03-01,157466,3.9,228.0
2024-04-01,157530,3.9,64.0
2024-05-01,157608,3.9,78.0
2024-06-01,157695,4.1,87.0
2024-07-01,157748,4.2,53.0
2024-08-01,157757,4.2,9.0
2024-09-01,157912,4.1,155.0
2024-10-01,157945,4.1,33.0
2024-11-01,158079,4.2,134.0
2024-12-01,158316,4.1,237.0
2025-01-01,158268,4.0,-48.0
2025-02-01,158310,4.2,42.0
2025-03-01,158377,4.2,67.0
2025-04-01,158485,4.2,108.0
2025-05-01,158498,4.3,13.0
2025-06-01,158478,4.1,-20.0
2025-07-01,158542,4.3,64.0
2025-08-01,158472,4.3,-70.0
2025-09-01,158548,4.4,76.0
2025-11-01,158449,4.5,-99.0
2025-12-01,158432,4.4,-17.0
2026-01-01,158592,4.3,160.0
2026-02-01,158436,4.4,-156.0
2026-03-01,158650,4.3,214.0
2026-04-01,158829,4.3,179.0
2026-05-01,159001,4.3,172.0
